-- Generated from: Programme grid 2026 v4 - view only.xlsx (first worksheet)
-- Timezone: Manchester (Europe/London)

begin;

insert into public.conference_days (day, label)
values
  ('2026-04-08', 'Wed 8 Apr'),
  ('2026-04-09', 'Thu 9 Apr'),
  ('2026-04-10', 'Fri 10 Apr')
on conflict (day) do update
set label = excluded.label;

insert into public.themes (code, name)
values
  ('CIT', 'Cities, Mobilities, Place & Space'),
  ('CUL', 'Culture, Media, Sport & Food'),
  ('DIV', 'Social Divisions / Social Identities'),
  ('EDU', 'Sociology of Education'),
  ('ENV', 'Environment & Society'),
  ('ET', 'Emerging Themes & Special Events'),
  ('FAR', 'Families & Relationships'),
  ('LIFE', 'Lifecourse'),
  ('MED', 'Medicine, Health & Illness'),
  ('METH', 'Methodological Innovations'),
  ('REM', 'Race, Ethnicity & Migration'),
  ('RIG', 'Rights, Violence & Crime'),
  ('STS', 'Science, Technology & Digital Studies'),
  ('THE', 'Theory'),
  ('WEEL', 'Work, Employment & Economic Life')
on conflict (code) do update
set name = excluded.name;

insert into public.rooms (name)
values
  ('Lecture Theatre A'),
  ('Lecture Theatre B'),
  ('Market Place Restaurant - Table 1'),
  ('Market Place Restaurant - Table 2'),
  ('Market Place Restaurant - Table 3'),
  ('Market Place Restaurant - Table 4'),
  ('Room 1.218'),
  ('Room 1.219'),
  ('Room 2.217'),
  ('Room 2.218'),
  ('Room 2.219'),
  ('Room 2.220'),
  ('Room 3.204'),
  ('Room 3.205'),
  ('Room 3.209'),
  ('Room 3.210'),
  ('Room 3.211'),
  ('Room 3.212'),
  ('Room 3.213'),
  ('Room 4.204'),
  ('Room 4.205'),
  ('Room 4.206'),
  ('Room 4.209'),
  ('Room 4.211'),
  ('Room 4.213'),
  ('Room 4.214'),
  ('The Drum & Restaurant')
on conflict (name) do nothing;

delete from public.events where day in ('2026-04-08', '2026-04-09', '2026-04-10');

insert into public.events (day, start_at, end_at, session_block, kind, theme_code, track, room_id, title_raw, title_display, sort_order)
values
  (
    '2026-04-08',
    '2026-04-08 08:00:00 Europe/London'::timestamptz,
    '2026-04-08 17:30:00 Europe/London'::timestamptz,
    null,
    'special',
    null,
    null,
    (select id from public.rooms where name = 'The Drum & Restaurant'),
    'Registration',
    'Registration',
    10
  ),
  (
    '2026-04-08',
    '2026-04-08 09:00:00 Europe/London'::timestamptz,
    '2026-04-08 10:30:00 Europe/London'::timestamptz,
    'Paper Session 1',
    'special',
    null,
    null,
    (select id from public.rooms where name = 'Lecture Theatre B'),
    'BSA Special Activity',
    'BSA Special Activity',
    20
  ),
  (
    '2026-04-08',
    '2026-04-08 09:00:00 Europe/London'::timestamptz,
    '2026-04-08 10:30:00 Europe/London'::timestamptz,
    'Paper Session 1',
    'session',
    'DIV',
    1,
    (select id from public.rooms where name = 'Lecture Theatre A'),
    'DIV1',
    'DIV1',
    30
  ),
  (
    '2026-04-08',
    '2026-04-08 09:00:00 Europe/London'::timestamptz,
    '2026-04-08 10:30:00 Europe/London'::timestamptz,
    'Paper Session 1',
    'session',
    'DIV',
    2,
    (select id from public.rooms where name = 'Room 1.218'),
    'DIV2',
    'DIV2',
    40
  ),
  (
    '2026-04-08',
    '2026-04-08 09:00:00 Europe/London'::timestamptz,
    '2026-04-08 10:30:00 Europe/London'::timestamptz,
    'Paper Session 1',
    'session',
    'DIV',
    3,
    (select id from public.rooms where name = 'Room 1.219'),
    'DIV3',
    'DIV3',
    50
  ),
  (
    '2026-04-08',
    '2026-04-08 09:00:00 Europe/London'::timestamptz,
    '2026-04-08 10:30:00 Europe/London'::timestamptz,
    'Paper Session 1',
    'session',
    'REM',
    1,
    (select id from public.rooms where name = 'Room 2.217'),
    'REM1',
    'REM1',
    60
  ),
  (
    '2026-04-08',
    '2026-04-08 09:00:00 Europe/London'::timestamptz,
    '2026-04-08 10:30:00 Europe/London'::timestamptz,
    'Paper Session 1',
    'session',
    'REM',
    2,
    (select id from public.rooms where name = 'Room 2.218'),
    'REM2',
    'REM2',
    70
  ),
  (
    '2026-04-08',
    '2026-04-08 09:00:00 Europe/London'::timestamptz,
    '2026-04-08 10:30:00 Europe/London'::timestamptz,
    'Paper Session 1',
    'session',
    'REM',
    3,
    (select id from public.rooms where name = 'Room 2.219'),
    'REM3',
    'REM3',
    80
  ),
  (
    '2026-04-08',
    '2026-04-08 09:00:00 Europe/London'::timestamptz,
    '2026-04-08 10:30:00 Europe/London'::timestamptz,
    'Paper Session 1',
    'session',
    'EDU',
    1,
    (select id from public.rooms where name = 'Room 2.220'),
    'EDU1',
    'EDU1',
    90
  ),
  (
    '2026-04-08',
    '2026-04-08 09:00:00 Europe/London'::timestamptz,
    '2026-04-08 10:30:00 Europe/London'::timestamptz,
    'Paper Session 1',
    'session',
    'EDU',
    2,
    (select id from public.rooms where name = 'Room 3.204'),
    'EDU2',
    'EDU2',
    100
  ),
  (
    '2026-04-08',
    '2026-04-08 09:00:00 Europe/London'::timestamptz,
    '2026-04-08 10:30:00 Europe/London'::timestamptz,
    'Paper Session 1',
    'session',
    'STS',
    null,
    (select id from public.rooms where name = 'Room 3.205'),
    'STS',
    'STS',
    110
  ),
  (
    '2026-04-08',
    '2026-04-08 09:00:00 Europe/London'::timestamptz,
    '2026-04-08 10:30:00 Europe/London'::timestamptz,
    'Paper Session 1',
    'session',
    'MED',
    null,
    (select id from public.rooms where name = 'Room 3.209'),
    'MED',
    'MED',
    120
  ),
  (
    '2026-04-08',
    '2026-04-08 09:00:00 Europe/London'::timestamptz,
    '2026-04-08 10:30:00 Europe/London'::timestamptz,
    'Paper Session 1',
    'special',
    'CUL',
    null,
    (select id from public.rooms where name = 'Room 3.210'),
    'SPECIAL EVENT Jon Dean',
    'SPECIAL EVENT',
    130
  ),
  (
    '2026-04-08',
    '2026-04-08 09:00:00 Europe/London'::timestamptz,
    '2026-04-08 10:30:00 Europe/London'::timestamptz,
    'Paper Session 1',
    'session',
    'CIT',
    1,
    (select id from public.rooms where name = 'Room 3.211'),
    'CIT1',
    'CIT1',
    140
  ),
  (
    '2026-04-08',
    '2026-04-08 09:00:00 Europe/London'::timestamptz,
    '2026-04-08 10:30:00 Europe/London'::timestamptz,
    'Paper Session 1',
    'session',
    'CIT',
    2,
    (select id from public.rooms where name = 'Room 3.212'),
    'CIT2',
    'CIT2',
    150
  ),
  (
    '2026-04-08',
    '2026-04-08 09:00:00 Europe/London'::timestamptz,
    '2026-04-08 10:30:00 Europe/London'::timestamptz,
    'Paper Session 1',
    'session',
    'WEEL',
    null,
    (select id from public.rooms where name = 'Room 3.213'),
    'WEEL',
    'WEEL',
    160
  ),
  (
    '2026-04-08',
    '2026-04-08 09:00:00 Europe/London'::timestamptz,
    '2026-04-08 10:30:00 Europe/London'::timestamptz,
    'Paper Session 1',
    'session',
    'FAR',
    1,
    (select id from public.rooms where name = 'Room 4.204'),
    'FAR1',
    'FAR1',
    170
  ),
  (
    '2026-04-08',
    '2026-04-08 09:00:00 Europe/London'::timestamptz,
    '2026-04-08 10:30:00 Europe/London'::timestamptz,
    'Paper Session 1',
    'special',
    'THE',
    null,
    (select id from public.rooms where name = 'Room 4.205'),
    'SPECIAL EVENT Zeina Al Azmeh',
    'SPECIAL EVENT',
    180
  ),
  (
    '2026-04-08',
    '2026-04-08 09:00:00 Europe/London'::timestamptz,
    '2026-04-08 10:30:00 Europe/London'::timestamptz,
    'Paper Session 1',
    'session',
    'ET',
    null,
    (select id from public.rooms where name = 'Room 4.206'),
    'ET',
    'ET',
    190
  ),
  (
    '2026-04-08',
    '2026-04-08 09:00:00 Europe/London'::timestamptz,
    '2026-04-08 10:30:00 Europe/London'::timestamptz,
    'Paper Session 1',
    'session',
    'FAR',
    2,
    (select id from public.rooms where name = 'Room 4.209'),
    'FAR2',
    'FAR2',
    200
  ),
  (
    '2026-04-08',
    '2026-04-08 09:00:00 Europe/London'::timestamptz,
    '2026-04-08 10:30:00 Europe/London'::timestamptz,
    'Paper Session 1',
    'session',
    'FAR',
    3,
    (select id from public.rooms where name = 'Room 4.211'),
    'FAR3',
    'FAR3',
    210
  ),
  (
    '2026-04-08',
    '2026-04-08 09:00:00 Europe/London'::timestamptz,
    '2026-04-08 10:30:00 Europe/London'::timestamptz,
    'Paper Session 1',
    'session',
    'LIFE',
    null,
    (select id from public.rooms where name = 'Room 4.213'),
    'LIFE',
    'LIFE',
    220
  ),
  (
    '2026-04-08',
    '2026-04-08 09:00:00 Europe/London'::timestamptz,
    '2026-04-08 10:30:00 Europe/London'::timestamptz,
    'Paper Session 1',
    'session',
    'ENV',
    null,
    (select id from public.rooms where name = 'Room 4.214'),
    'ENV',
    'ENV',
    230
  ),
  (
    '2026-04-08',
    '2026-04-08 10:30:00 Europe/London'::timestamptz,
    '2026-04-08 11:00:00 Europe/London'::timestamptz,
    null,
    'break',
    null,
    null,
    (select id from public.rooms where name = 'The Drum & Restaurant'),
    'Refreshments',
    'Refreshments',
    10
  ),
  (
    '2026-04-08',
    '2026-04-08 11:00:00 Europe/London'::timestamptz,
    '2026-04-08 12:30:00 Europe/London'::timestamptz,
    'Paper Session 2',
    'special',
    null,
    null,
    (select id from public.rooms where name = 'Lecture Theatre B'),
    'Mid-Career Forum Event',
    'Mid-Career Forum Event',
    20
  ),
  (
    '2026-04-08',
    '2026-04-08 11:00:00 Europe/London'::timestamptz,
    '2026-04-08 12:30:00 Europe/London'::timestamptz,
    'Paper Session 2',
    'session',
    'DIV',
    1,
    (select id from public.rooms where name = 'Lecture Theatre A'),
    'DIV1',
    'DIV1',
    30
  ),
  (
    '2026-04-08',
    '2026-04-08 11:00:00 Europe/London'::timestamptz,
    '2026-04-08 12:30:00 Europe/London'::timestamptz,
    'Paper Session 2',
    'special',
    'DIV',
    2,
    (select id from public.rooms where name = 'Room 1.218'),
    'SPECIAL EVENT Sue Scott',
    'SPECIAL EVENT',
    40
  ),
  (
    '2026-04-08',
    '2026-04-08 11:00:00 Europe/London'::timestamptz,
    '2026-04-08 12:30:00 Europe/London'::timestamptz,
    'Paper Session 2',
    'session',
    'DIV',
    3,
    (select id from public.rooms where name = 'Room 1.219'),
    'DIV3',
    'DIV3',
    50
  ),
  (
    '2026-04-08',
    '2026-04-08 11:00:00 Europe/London'::timestamptz,
    '2026-04-08 12:30:00 Europe/London'::timestamptz,
    'Paper Session 2',
    'session',
    'REM',
    1,
    (select id from public.rooms where name = 'Room 2.217'),
    'REM1',
    'REM1',
    60
  ),
  (
    '2026-04-08',
    '2026-04-08 11:00:00 Europe/London'::timestamptz,
    '2026-04-08 12:30:00 Europe/London'::timestamptz,
    'Paper Session 2',
    'session',
    'REM',
    2,
    (select id from public.rooms where name = 'Room 2.218'),
    'REM2',
    'REM2',
    70
  ),
  (
    '2026-04-08',
    '2026-04-08 11:00:00 Europe/London'::timestamptz,
    '2026-04-08 12:30:00 Europe/London'::timestamptz,
    'Paper Session 2',
    'session',
    'REM',
    3,
    (select id from public.rooms where name = 'Room 2.219'),
    'REM3',
    'REM3',
    80
  ),
  (
    '2026-04-08',
    '2026-04-08 11:00:00 Europe/London'::timestamptz,
    '2026-04-08 12:30:00 Europe/London'::timestamptz,
    'Paper Session 2',
    'session',
    'EDU',
    1,
    (select id from public.rooms where name = 'Room 2.220'),
    'EDU1',
    'EDU1',
    90
  ),
  (
    '2026-04-08',
    '2026-04-08 11:00:00 Europe/London'::timestamptz,
    '2026-04-08 12:30:00 Europe/London'::timestamptz,
    'Paper Session 2',
    'session',
    'EDU',
    2,
    (select id from public.rooms where name = 'Room 3.204'),
    'EDU2',
    'EDU2',
    100
  ),
  (
    '2026-04-08',
    '2026-04-08 11:00:00 Europe/London'::timestamptz,
    '2026-04-08 12:30:00 Europe/London'::timestamptz,
    'Paper Session 2',
    'session',
    'STS',
    null,
    (select id from public.rooms where name = 'Room 3.205'),
    'STS',
    'STS',
    110
  ),
  (
    '2026-04-08',
    '2026-04-08 11:00:00 Europe/London'::timestamptz,
    '2026-04-08 12:30:00 Europe/London'::timestamptz,
    'Paper Session 2',
    'session',
    'MED',
    null,
    (select id from public.rooms where name = 'Room 3.209'),
    'MED',
    'MED',
    120
  ),
  (
    '2026-04-08',
    '2026-04-08 11:00:00 Europe/London'::timestamptz,
    '2026-04-08 12:30:00 Europe/London'::timestamptz,
    'Paper Session 2',
    'session',
    'CUL',
    null,
    (select id from public.rooms where name = 'Room 3.210'),
    'CUL',
    'CUL',
    130
  ),
  (
    '2026-04-08',
    '2026-04-08 11:00:00 Europe/London'::timestamptz,
    '2026-04-08 12:30:00 Europe/London'::timestamptz,
    'Paper Session 2',
    'session',
    'CIT',
    null,
    (select id from public.rooms where name = 'Room 3.211'),
    'CIT',
    'CIT',
    140
  ),
  (
    '2026-04-08',
    '2026-04-08 11:00:00 Europe/London'::timestamptz,
    '2026-04-08 12:30:00 Europe/London'::timestamptz,
    'Paper Session 2',
    'session',
    'WEEL',
    1,
    (select id from public.rooms where name = 'Room 3.212'),
    'WEEL1',
    'WEEL1',
    150
  ),
  (
    '2026-04-08',
    '2026-04-08 11:00:00 Europe/London'::timestamptz,
    '2026-04-08 12:30:00 Europe/London'::timestamptz,
    'Paper Session 2',
    'session',
    'WEEL',
    2,
    (select id from public.rooms where name = 'Room 3.213'),
    'WEEL2',
    'WEEL2',
    160
  ),
  (
    '2026-04-08',
    '2026-04-08 11:00:00 Europe/London'::timestamptz,
    '2026-04-08 12:30:00 Europe/London'::timestamptz,
    'Paper Session 2',
    'session',
    'FAR',
    1,
    (select id from public.rooms where name = 'Room 4.204'),
    'FAR1',
    'FAR1',
    170
  ),
  (
    '2026-04-08',
    '2026-04-08 11:00:00 Europe/London'::timestamptz,
    '2026-04-08 12:30:00 Europe/London'::timestamptz,
    'Paper Session 2',
    'session',
    'THE',
    null,
    (select id from public.rooms where name = 'Room 4.205'),
    'THE',
    'THE',
    180
  ),
  (
    '2026-04-08',
    '2026-04-08 11:00:00 Europe/London'::timestamptz,
    '2026-04-08 12:30:00 Europe/London'::timestamptz,
    'Paper Session 2',
    'session',
    'METH',
    null,
    (select id from public.rooms where name = 'Room 4.206'),
    'METH',
    'METH',
    190
  ),
  (
    '2026-04-08',
    '2026-04-08 11:00:00 Europe/London'::timestamptz,
    '2026-04-08 12:30:00 Europe/London'::timestamptz,
    'Paper Session 2',
    'session',
    'FAR',
    2,
    (select id from public.rooms where name = 'Room 4.209'),
    'FAR2',
    'FAR2',
    200
  ),
  (
    '2026-04-08',
    '2026-04-08 11:00:00 Europe/London'::timestamptz,
    '2026-04-08 12:30:00 Europe/London'::timestamptz,
    'Paper Session 2',
    'session',
    'FAR',
    3,
    (select id from public.rooms where name = 'Room 4.211'),
    'FAR3',
    'FAR3',
    210
  ),
  (
    '2026-04-08',
    '2026-04-08 11:00:00 Europe/London'::timestamptz,
    '2026-04-08 12:30:00 Europe/London'::timestamptz,
    'Paper Session 2',
    'session',
    'LIFE',
    null,
    (select id from public.rooms where name = 'Room 4.213'),
    'LIFE',
    'LIFE',
    220
  ),
  (
    '2026-04-08',
    '2026-04-08 11:00:00 Europe/London'::timestamptz,
    '2026-04-08 12:30:00 Europe/London'::timestamptz,
    'Paper Session 2',
    'session',
    'ENV',
    null,
    (select id from public.rooms where name = 'Room 4.214'),
    'ENV',
    'ENV',
    230
  ),
  (
    '2026-04-08',
    '2026-04-08 12:30:00 Europe/London'::timestamptz,
    '2026-04-08 14:00:00 Europe/London'::timestamptz,
    null,
    'break',
    null,
    null,
    (select id from public.rooms where name = 'The Drum & Restaurant'),
    'Lunch',
    'Lunch',
    10
  ),
  (
    '2026-04-08',
    '2026-04-08 14:00:00 Europe/London'::timestamptz,
    '2026-04-08 15:00:00 Europe/London'::timestamptz,
    'Plenary',
    'special',
    null,
    null,
    (select id from public.rooms where name = 'Lecture Theatre B'),
    'Jason Arday, University of Cambridge',
    'Plenary',
    20
  ),
  (
    '2026-04-08',
    '2026-04-08 15:00:00 Europe/London'::timestamptz,
    '2026-04-08 15:30:00 Europe/London'::timestamptz,
    null,
    'break',
    null,
    null,
    (select id from public.rooms where name = 'The Drum & Restaurant'),
    'Refreshments',
    'Refreshments',
    10
  ),
  (
    '2026-04-08',
    '2026-04-08 15:30:00 Europe/London'::timestamptz,
    '2026-04-08 17:00:00 Europe/London'::timestamptz,
    'Paper Session 3',
    'special',
    null,
    null,
    (select id from public.rooms where name = 'Lecture Theatre B'),
    'BSA Special Activity',
    'BSA Special Activity',
    20
  ),
  (
    '2026-04-08',
    '2026-04-08 15:30:00 Europe/London'::timestamptz,
    '2026-04-08 17:00:00 Europe/London'::timestamptz,
    'Paper Session 3',
    'session',
    'DIV',
    1,
    (select id from public.rooms where name = 'Lecture Theatre A'),
    'DIV1',
    'DIV1',
    30
  ),
  (
    '2026-04-08',
    '2026-04-08 15:30:00 Europe/London'::timestamptz,
    '2026-04-08 17:00:00 Europe/London'::timestamptz,
    'Paper Session 3',
    'session',
    'DIV',
    2,
    (select id from public.rooms where name = 'Room 1.218'),
    'DIV2',
    'DIV2',
    40
  ),
  (
    '2026-04-08',
    '2026-04-08 15:30:00 Europe/London'::timestamptz,
    '2026-04-08 17:00:00 Europe/London'::timestamptz,
    'Paper Session 3',
    'session',
    'DIV',
    3,
    (select id from public.rooms where name = 'Room 1.219'),
    'DIV3',
    'DIV3',
    50
  ),
  (
    '2026-04-08',
    '2026-04-08 15:30:00 Europe/London'::timestamptz,
    '2026-04-08 17:00:00 Europe/London'::timestamptz,
    'Paper Session 3',
    'session',
    'REM',
    1,
    (select id from public.rooms where name = 'Room 2.217'),
    'REM1',
    'REM1',
    60
  ),
  (
    '2026-04-08',
    '2026-04-08 15:30:00 Europe/London'::timestamptz,
    '2026-04-08 17:00:00 Europe/London'::timestamptz,
    'Paper Session 3',
    'session',
    'REM',
    2,
    (select id from public.rooms where name = 'Room 2.218'),
    'REM2',
    'REM2',
    70
  ),
  (
    '2026-04-08',
    '2026-04-08 15:30:00 Europe/London'::timestamptz,
    '2026-04-08 17:00:00 Europe/London'::timestamptz,
    'Paper Session 3',
    'session',
    'REM',
    3,
    (select id from public.rooms where name = 'Room 2.219'),
    'REM3',
    'REM3',
    80
  ),
  (
    '2026-04-08',
    '2026-04-08 15:30:00 Europe/London'::timestamptz,
    '2026-04-08 17:00:00 Europe/London'::timestamptz,
    'Paper Session 3',
    'session',
    'EDU',
    1,
    (select id from public.rooms where name = 'Room 2.220'),
    'EDU1',
    'EDU1',
    90
  ),
  (
    '2026-04-08',
    '2026-04-08 15:30:00 Europe/London'::timestamptz,
    '2026-04-08 17:00:00 Europe/London'::timestamptz,
    'Paper Session 3',
    'session',
    'EDU',
    2,
    (select id from public.rooms where name = 'Room 3.204'),
    'EDU2',
    'EDU2',
    100
  ),
  (
    '2026-04-08',
    '2026-04-08 15:30:00 Europe/London'::timestamptz,
    '2026-04-08 17:00:00 Europe/London'::timestamptz,
    'Paper Session 3',
    'session',
    'STS',
    null,
    (select id from public.rooms where name = 'Room 3.205'),
    'STS',
    'STS',
    110
  ),
  (
    '2026-04-08',
    '2026-04-08 15:30:00 Europe/London'::timestamptz,
    '2026-04-08 17:00:00 Europe/London'::timestamptz,
    'Paper Session 3',
    'session',
    'MED',
    null,
    (select id from public.rooms where name = 'Room 3.209'),
    'MED',
    'MED',
    120
  ),
  (
    '2026-04-08',
    '2026-04-08 15:30:00 Europe/London'::timestamptz,
    '2026-04-08 17:00:00 Europe/London'::timestamptz,
    'Paper Session 3',
    'session',
    'CUL',
    null,
    (select id from public.rooms where name = 'Room 3.210'),
    'CUL',
    'CUL',
    130
  ),
  (
    '2026-04-08',
    '2026-04-08 15:30:00 Europe/London'::timestamptz,
    '2026-04-08 17:00:00 Europe/London'::timestamptz,
    'Paper Session 3',
    'session',
    'CIT',
    null,
    (select id from public.rooms where name = 'Room 3.211'),
    'CIT',
    'CIT',
    140
  ),
  (
    '2026-04-08',
    '2026-04-08 15:30:00 Europe/London'::timestamptz,
    '2026-04-08 17:00:00 Europe/London'::timestamptz,
    'Paper Session 3',
    'session',
    'WEEL',
    1,
    (select id from public.rooms where name = 'Room 3.212'),
    'WEEL1',
    'WEEL1',
    150
  ),
  (
    '2026-04-08',
    '2026-04-08 15:30:00 Europe/London'::timestamptz,
    '2026-04-08 17:00:00 Europe/London'::timestamptz,
    'Paper Session 3',
    'special',
    'ET',
    null,
    (select id from public.rooms where name = 'Room 3.213'),
    'SPECIAL EVENT Pauline Leonard',
    'SPECIAL EVENT',
    160
  ),
  (
    '2026-04-08',
    '2026-04-08 15:30:00 Europe/London'::timestamptz,
    '2026-04-08 17:00:00 Europe/London'::timestamptz,
    'Paper Session 3',
    'session',
    'FAR',
    1,
    (select id from public.rooms where name = 'Room 4.204'),
    'FAR1',
    'FAR1',
    170
  ),
  (
    '2026-04-08',
    '2026-04-08 15:30:00 Europe/London'::timestamptz,
    '2026-04-08 17:00:00 Europe/London'::timestamptz,
    'Paper Session 3',
    'session',
    'THE',
    null,
    (select id from public.rooms where name = 'Room 4.205'),
    'THE',
    'THE',
    180
  ),
  (
    '2026-04-08',
    '2026-04-08 15:30:00 Europe/London'::timestamptz,
    '2026-04-08 17:00:00 Europe/London'::timestamptz,
    'Paper Session 3',
    'session',
    'METH',
    null,
    (select id from public.rooms where name = 'Room 4.206'),
    'METH',
    'METH',
    190
  ),
  (
    '2026-04-08',
    '2026-04-08 15:30:00 Europe/London'::timestamptz,
    '2026-04-08 17:00:00 Europe/London'::timestamptz,
    'Paper Session 3',
    'session',
    'FAR',
    2,
    (select id from public.rooms where name = 'Room 4.209'),
    'FAR2',
    'FAR2',
    200
  ),
  (
    '2026-04-08',
    '2026-04-08 15:30:00 Europe/London'::timestamptz,
    '2026-04-08 17:00:00 Europe/London'::timestamptz,
    'Paper Session 3',
    'session',
    'FAR',
    3,
    (select id from public.rooms where name = 'Room 4.211'),
    'FAR3',
    'FAR3',
    210
  ),
  (
    '2026-04-08',
    '2026-04-08 15:30:00 Europe/London'::timestamptz,
    '2026-04-08 17:00:00 Europe/London'::timestamptz,
    'Paper Session 3',
    'session',
    'LIFE',
    null,
    (select id from public.rooms where name = 'Room 4.213'),
    'LIFE',
    'LIFE',
    220
  ),
  (
    '2026-04-08',
    '2026-04-08 15:30:00 Europe/London'::timestamptz,
    '2026-04-08 17:00:00 Europe/London'::timestamptz,
    'Paper Session 3',
    'session',
    'ENV',
    null,
    (select id from public.rooms where name = 'Room 4.214'),
    'ENV',
    'ENV',
    230
  ),
  (
    '2026-04-08',
    '2026-04-08 17:15:00 Europe/London'::timestamptz,
    '2026-04-08 18:15:00 Europe/London'::timestamptz,
    'Stream Plenaries',
    'special',
    'DIV',
    null,
    (select id from public.rooms where name = 'Room 1.218'),
    'Social Divisions / Social Identities',
    'Social Divisions / Social Identities',
    40
  ),
  (
    '2026-04-08',
    '2026-04-08 17:15:00 Europe/London'::timestamptz,
    '2026-04-08 18:15:00 Europe/London'::timestamptz,
    'Stream Plenaries',
    'session',
    'REM',
    null,
    (select id from public.rooms where name = 'Room 1.219'),
    'Race, Ethnicity & Migration',
    'Race, Ethnicity / & Migration',
    50
  ),
  (
    '2026-04-08',
    '2026-04-08 17:15:00 Europe/London'::timestamptz,
    '2026-04-08 18:15:00 Europe/London'::timestamptz,
    'Stream Plenaries',
    'session',
    'STS',
    null,
    (select id from public.rooms where name = 'Room 2.218'),
    'Science, Technology & Digital Studies',
    'Science, Technology & Digital Studies',
    70
  ),
  (
    '2026-04-08',
    '2026-04-08 17:15:00 Europe/London'::timestamptz,
    '2026-04-08 18:15:00 Europe/London'::timestamptz,
    'Stream Plenaries',
    'session',
    'CUL',
    null,
    (select id from public.rooms where name = 'Room 2.220'),
    'Culture, Media, Sport & Food',
    'Culture, Media, / Sport & Food',
    90
  ),
  (
    '2026-04-08',
    '2026-04-08 17:15:00 Europe/London'::timestamptz,
    '2026-04-08 18:15:00 Europe/London'::timestamptz,
    'Stream Plenaries',
    'session',
    'WEEL',
    null,
    (select id from public.rooms where name = 'Room 3.204'),
    'Work, Employment & Economic Life',
    'Work, Employment & Economic Life',
    100
  ),
  (
    '2026-04-08',
    '2026-04-08 17:15:00 Europe/London'::timestamptz,
    '2026-04-08 18:15:00 Europe/London'::timestamptz,
    'Stream Plenaries',
    'special',
    null,
    null,
    (select id from public.rooms where name = 'Room 3.205'),
    'SPECIAL EVENT* Gaurish Chawla',
    'SPECIAL EVENT*',
    110
  ),
  (
    '2026-04-08',
    '2026-04-08 17:15:00 Europe/London'::timestamptz,
    '2026-04-08 18:15:00 Europe/London'::timestamptz,
    'Stream Plenaries',
    'session',
    'FAR',
    null,
    (select id from public.rooms where name = 'Room 4.204'),
    'Families & Relationships',
    'Families & / Relationships',
    170
  ),
  (
    '2026-04-08',
    '2026-04-08 17:15:00 Europe/London'::timestamptz,
    '2026-04-08 18:15:00 Europe/London'::timestamptz,
    'Stream Plenaries',
    'session',
    'RIG',
    null,
    (select id from public.rooms where name = 'Room 4.205'),
    'Rights, Violence & Crime',
    'Rights, Violence / & Crime',
    180
  ),
  (
    '2026-04-08',
    '2026-04-08 17:15:00 Europe/London'::timestamptz,
    '2026-04-08 18:15:00 Europe/London'::timestamptz,
    'Stream Plenaries',
    'session',
    'ENV',
    null,
    (select id from public.rooms where name = 'Room 4.206'),
    'Environment & Society',
    'Environment / & Society',
    190
  ),
  (
    '2026-04-08',
    '2026-04-08 18:15:00 Europe/London'::timestamptz,
    '2026-04-08 19:45:00 Europe/London'::timestamptz,
    null,
    'special',
    null,
    null,
    (select id from public.rooms where name = 'The Drum & Restaurant'),
    'Publishers'' Reception & Poster Presentations',
    'Publishers'' Reception & Poster Presentations',
    10
  ),
  (
    '2026-04-09',
    '2026-04-09 08:30:00 Europe/London'::timestamptz,
    '2026-04-09 17:30:00 Europe/London'::timestamptz,
    null,
    'special',
    null,
    null,
    (select id from public.rooms where name = 'The Drum & Restaurant'),
    'Registration',
    'Registration',
    10
  ),
  (
    '2026-04-09',
    '2026-04-09 09:00:00 Europe/London'::timestamptz,
    '2026-04-09 10:30:00 Europe/London'::timestamptz,
    'Paper Session 4',
    'special',
    null,
    null,
    (select id from public.rooms where name = 'Lecture Theatre B'),
    'Early Career Forum Event',
    'Early Career Forum Event',
    20
  ),
  (
    '2026-04-09',
    '2026-04-09 09:00:00 Europe/London'::timestamptz,
    '2026-04-09 10:30:00 Europe/London'::timestamptz,
    'Paper Session 4',
    'session',
    'DIV',
    1,
    (select id from public.rooms where name = 'Lecture Theatre A'),
    'DIV1',
    'DIV1',
    30
  ),
  (
    '2026-04-09',
    '2026-04-09 09:00:00 Europe/London'::timestamptz,
    '2026-04-09 10:30:00 Europe/London'::timestamptz,
    'Paper Session 4',
    'session',
    'DIV',
    2,
    (select id from public.rooms where name = 'Room 1.218'),
    'DIV2',
    'DIV2',
    40
  ),
  (
    '2026-04-09',
    '2026-04-09 09:00:00 Europe/London'::timestamptz,
    '2026-04-09 10:30:00 Europe/London'::timestamptz,
    'Paper Session 4',
    'session',
    'DIV',
    3,
    (select id from public.rooms where name = 'Room 1.219'),
    'DIV3',
    'DIV3',
    50
  ),
  (
    '2026-04-09',
    '2026-04-09 09:00:00 Europe/London'::timestamptz,
    '2026-04-09 10:30:00 Europe/London'::timestamptz,
    'Paper Session 4',
    'session',
    'REM',
    1,
    (select id from public.rooms where name = 'Room 2.217'),
    'REM1',
    'REM1',
    60
  ),
  (
    '2026-04-09',
    '2026-04-09 09:00:00 Europe/London'::timestamptz,
    '2026-04-09 10:30:00 Europe/London'::timestamptz,
    'Paper Session 4',
    'session',
    'REM',
    2,
    (select id from public.rooms where name = 'Room 2.218'),
    'REM2',
    'REM2',
    70
  ),
  (
    '2026-04-09',
    '2026-04-09 09:00:00 Europe/London'::timestamptz,
    '2026-04-09 10:30:00 Europe/London'::timestamptz,
    'Paper Session 4',
    'session',
    'REM',
    3,
    (select id from public.rooms where name = 'Room 2.219'),
    'REM3',
    'REM3',
    80
  ),
  (
    '2026-04-09',
    '2026-04-09 09:00:00 Europe/London'::timestamptz,
    '2026-04-09 10:30:00 Europe/London'::timestamptz,
    'Paper Session 4',
    'session',
    'EDU',
    1,
    (select id from public.rooms where name = 'Room 2.220'),
    'EDU1',
    'EDU1',
    90
  ),
  (
    '2026-04-09',
    '2026-04-09 09:00:00 Europe/London'::timestamptz,
    '2026-04-09 10:30:00 Europe/London'::timestamptz,
    'Paper Session 4',
    'session',
    'EDU',
    2,
    (select id from public.rooms where name = 'Room 3.204'),
    'EDU2',
    'EDU2',
    100
  ),
  (
    '2026-04-09',
    '2026-04-09 09:00:00 Europe/London'::timestamptz,
    '2026-04-09 10:30:00 Europe/London'::timestamptz,
    'Paper Session 4',
    'session',
    'STS',
    null,
    (select id from public.rooms where name = 'Room 3.205'),
    'STS',
    'STS',
    110
  ),
  (
    '2026-04-09',
    '2026-04-09 09:00:00 Europe/London'::timestamptz,
    '2026-04-09 10:30:00 Europe/London'::timestamptz,
    'Paper Session 4',
    'session',
    'MED',
    null,
    (select id from public.rooms where name = 'Room 3.209'),
    'MED',
    'MED',
    120
  ),
  (
    '2026-04-09',
    '2026-04-09 09:00:00 Europe/London'::timestamptz,
    '2026-04-09 10:30:00 Europe/London'::timestamptz,
    'Paper Session 4',
    'session',
    'CUL',
    null,
    (select id from public.rooms where name = 'Room 3.210'),
    'CUL',
    'CUL',
    130
  ),
  (
    '2026-04-09',
    '2026-04-09 09:00:00 Europe/London'::timestamptz,
    '2026-04-09 10:30:00 Europe/London'::timestamptz,
    'Paper Session 4',
    'special',
    'CIT',
    null,
    (select id from public.rooms where name = 'Room 3.211'),
    'SPECIAL EVENT Camilla Lewis',
    'SPECIAL EVENT',
    140
  ),
  (
    '2026-04-09',
    '2026-04-09 09:00:00 Europe/London'::timestamptz,
    '2026-04-09 10:30:00 Europe/London'::timestamptz,
    'Paper Session 4',
    'session',
    'WEEL',
    1,
    (select id from public.rooms where name = 'Room 3.212'),
    'WEEL1',
    'WEEL1',
    150
  ),
  (
    '2026-04-09',
    '2026-04-09 09:00:00 Europe/London'::timestamptz,
    '2026-04-09 10:30:00 Europe/London'::timestamptz,
    'Paper Session 4',
    'session',
    'WEEL',
    2,
    (select id from public.rooms where name = 'Room 3.213'),
    'WEEL2',
    'WEEL2',
    160
  ),
  (
    '2026-04-09',
    '2026-04-09 09:00:00 Europe/London'::timestamptz,
    '2026-04-09 10:30:00 Europe/London'::timestamptz,
    'Paper Session 4',
    'session',
    'FAR',
    null,
    (select id from public.rooms where name = 'Room 4.204'),
    'FAR',
    'FAR',
    170
  ),
  (
    '2026-04-09',
    '2026-04-09 09:00:00 Europe/London'::timestamptz,
    '2026-04-09 10:30:00 Europe/London'::timestamptz,
    'Paper Session 4',
    'session',
    'THE',
    null,
    (select id from public.rooms where name = 'Room 4.205'),
    'THE',
    'THE',
    180
  ),
  (
    '2026-04-09',
    '2026-04-09 09:00:00 Europe/London'::timestamptz,
    '2026-04-09 10:30:00 Europe/London'::timestamptz,
    'Paper Session 4',
    'session',
    'METH',
    null,
    (select id from public.rooms where name = 'Room 4.206'),
    'METH',
    'METH',
    190
  ),
  (
    '2026-04-09',
    '2026-04-09 09:00:00 Europe/London'::timestamptz,
    '2026-04-09 10:30:00 Europe/London'::timestamptz,
    'Paper Session 4',
    'session',
    'ET',
    null,
    (select id from public.rooms where name = 'Room 4.209'),
    'ET',
    'ET',
    200
  ),
  (
    '2026-04-09',
    '2026-04-09 09:00:00 Europe/London'::timestamptz,
    '2026-04-09 10:30:00 Europe/London'::timestamptz,
    'Paper Session 4',
    'session',
    'RIG',
    null,
    (select id from public.rooms where name = 'Room 4.211'),
    'RIG',
    'RIG',
    210
  ),
  (
    '2026-04-09',
    '2026-04-09 09:00:00 Europe/London'::timestamptz,
    '2026-04-09 10:30:00 Europe/London'::timestamptz,
    'Paper Session 4',
    'session',
    'LIFE',
    null,
    (select id from public.rooms where name = 'Room 4.213'),
    'LIFE',
    'LIFE',
    220
  ),
  (
    '2026-04-09',
    '2026-04-09 09:00:00 Europe/London'::timestamptz,
    '2026-04-09 10:30:00 Europe/London'::timestamptz,
    'Paper Session 4',
    'session',
    'ENV',
    null,
    (select id from public.rooms where name = 'Room 4.214'),
    'ENV',
    'ENV',
    230
  ),
  (
    '2026-04-09',
    '2026-04-09 10:30:00 Europe/London'::timestamptz,
    '2026-04-09 11:00:00 Europe/London'::timestamptz,
    null,
    'break',
    null,
    null,
    (select id from public.rooms where name = 'The Drum & Restaurant'),
    'Refreshments',
    'Refreshments',
    10
  ),
  (
    '2026-04-09',
    '2026-04-09 11:00:00 Europe/London'::timestamptz,
    '2026-04-09 12:30:00 Europe/London'::timestamptz,
    'Paper Session 5',
    'special',
    null,
    null,
    (select id from public.rooms where name = 'Lecture Theatre B'),
    'Sociology Journal Event',
    'Sociology Journal Event',
    20
  ),
  (
    '2026-04-09',
    '2026-04-09 11:00:00 Europe/London'::timestamptz,
    '2026-04-09 12:30:00 Europe/London'::timestamptz,
    'Paper Session 5',
    'session',
    'DIV',
    1,
    (select id from public.rooms where name = 'Lecture Theatre A'),
    'DIV1',
    'DIV1',
    30
  ),
  (
    '2026-04-09',
    '2026-04-09 11:00:00 Europe/London'::timestamptz,
    '2026-04-09 12:30:00 Europe/London'::timestamptz,
    'Paper Session 5',
    'session',
    'DIV',
    2,
    (select id from public.rooms where name = 'Room 1.218'),
    'DIV2',
    'DIV2',
    40
  ),
  (
    '2026-04-09',
    '2026-04-09 11:00:00 Europe/London'::timestamptz,
    '2026-04-09 12:30:00 Europe/London'::timestamptz,
    'Paper Session 5',
    'session',
    'DIV',
    3,
    (select id from public.rooms where name = 'Room 1.219'),
    'DIV3',
    'DIV3',
    50
  ),
  (
    '2026-04-09',
    '2026-04-09 11:00:00 Europe/London'::timestamptz,
    '2026-04-09 12:30:00 Europe/London'::timestamptz,
    'Paper Session 5',
    'session',
    'REM',
    1,
    (select id from public.rooms where name = 'Room 2.217'),
    'REM1',
    'REM1',
    60
  ),
  (
    '2026-04-09',
    '2026-04-09 11:00:00 Europe/London'::timestamptz,
    '2026-04-09 12:30:00 Europe/London'::timestamptz,
    'Paper Session 5',
    'session',
    'REM',
    2,
    (select id from public.rooms where name = 'Room 2.218'),
    'REM2',
    'REM2',
    70
  ),
  (
    '2026-04-09',
    '2026-04-09 11:00:00 Europe/London'::timestamptz,
    '2026-04-09 12:30:00 Europe/London'::timestamptz,
    'Paper Session 5',
    'session',
    'REM',
    3,
    (select id from public.rooms where name = 'Room 2.219'),
    'REM3',
    'REM3',
    80
  ),
  (
    '2026-04-09',
    '2026-04-09 11:00:00 Europe/London'::timestamptz,
    '2026-04-09 12:30:00 Europe/London'::timestamptz,
    'Paper Session 5',
    'special',
    'EDU',
    1,
    (select id from public.rooms where name = 'Room 2.220'),
    'SPECIAL EVENT Greg Noble',
    'SPECIAL EVENT',
    90
  ),
  (
    '2026-04-09',
    '2026-04-09 11:00:00 Europe/London'::timestamptz,
    '2026-04-09 12:30:00 Europe/London'::timestamptz,
    'Paper Session 5',
    'session',
    'EDU',
    2,
    (select id from public.rooms where name = 'Room 3.204'),
    'EDU2',
    'EDU2',
    100
  ),
  (
    '2026-04-09',
    '2026-04-09 11:00:00 Europe/London'::timestamptz,
    '2026-04-09 12:30:00 Europe/London'::timestamptz,
    'Paper Session 5',
    'session',
    'STS',
    null,
    (select id from public.rooms where name = 'Room 3.205'),
    'STS',
    'STS',
    110
  ),
  (
    '2026-04-09',
    '2026-04-09 11:00:00 Europe/London'::timestamptz,
    '2026-04-09 12:30:00 Europe/London'::timestamptz,
    'Paper Session 5',
    'session',
    'MED',
    null,
    (select id from public.rooms where name = 'Room 3.209'),
    'MED',
    'MED',
    120
  ),
  (
    '2026-04-09',
    '2026-04-09 11:00:00 Europe/London'::timestamptz,
    '2026-04-09 12:30:00 Europe/London'::timestamptz,
    'Paper Session 5',
    'session',
    'CUL',
    null,
    (select id from public.rooms where name = 'Room 3.210'),
    'CUL',
    'CUL',
    130
  ),
  (
    '2026-04-09',
    '2026-04-09 11:00:00 Europe/London'::timestamptz,
    '2026-04-09 12:30:00 Europe/London'::timestamptz,
    'Paper Session 5',
    'session',
    'CIT',
    null,
    (select id from public.rooms where name = 'Room 3.211'),
    'CIT',
    'CIT',
    140
  ),
  (
    '2026-04-09',
    '2026-04-09 11:00:00 Europe/London'::timestamptz,
    '2026-04-09 12:30:00 Europe/London'::timestamptz,
    'Paper Session 5',
    'session',
    'WEEL',
    1,
    (select id from public.rooms where name = 'Room 3.212'),
    'WEEL1',
    'WEEL1',
    150
  ),
  (
    '2026-04-09',
    '2026-04-09 11:00:00 Europe/London'::timestamptz,
    '2026-04-09 12:30:00 Europe/London'::timestamptz,
    'Paper Session 5',
    'session',
    'WEEL',
    2,
    (select id from public.rooms where name = 'Room 3.213'),
    'WEEL2',
    'WEEL2',
    160
  ),
  (
    '2026-04-09',
    '2026-04-09 11:00:00 Europe/London'::timestamptz,
    '2026-04-09 12:30:00 Europe/London'::timestamptz,
    'Paper Session 5',
    'session',
    'FAR',
    null,
    (select id from public.rooms where name = 'Room 4.204'),
    'FAR',
    'FAR',
    170
  ),
  (
    '2026-04-09',
    '2026-04-09 11:00:00 Europe/London'::timestamptz,
    '2026-04-09 12:30:00 Europe/London'::timestamptz,
    'Paper Session 5',
    'session',
    'THE',
    null,
    (select id from public.rooms where name = 'Room 4.205'),
    'THE',
    'THE',
    180
  ),
  (
    '2026-04-09',
    '2026-04-09 11:00:00 Europe/London'::timestamptz,
    '2026-04-09 12:30:00 Europe/London'::timestamptz,
    'Paper Session 5',
    'session',
    'METH',
    null,
    (select id from public.rooms where name = 'Room 4.206'),
    'METH',
    'METH',
    190
  ),
  (
    '2026-04-09',
    '2026-04-09 11:00:00 Europe/London'::timestamptz,
    '2026-04-09 12:30:00 Europe/London'::timestamptz,
    'Paper Session 5',
    'special',
    'FAR',
    null,
    (select id from public.rooms where name = 'Room 4.209'),
    'SPECIAL EVENT Yvette Taylor',
    'SPECIAL EVENT',
    200
  ),
  (
    '2026-04-09',
    '2026-04-09 11:00:00 Europe/London'::timestamptz,
    '2026-04-09 12:30:00 Europe/London'::timestamptz,
    'Paper Session 5',
    'session',
    'RIG',
    null,
    (select id from public.rooms where name = 'Room 4.211'),
    'Bisakha Nandy',
    'Paper Session 5',
    210
  ),
  (
    '2026-04-09',
    '2026-04-09 11:00:00 Europe/London'::timestamptz,
    '2026-04-09 12:30:00 Europe/London'::timestamptz,
    'Paper Session 5',
    'session',
    'LIFE',
    null,
    (select id from public.rooms where name = 'Room 4.213'),
    'LIFE',
    'LIFE',
    220
  ),
  (
    '2026-04-09',
    '2026-04-09 11:00:00 Europe/London'::timestamptz,
    '2026-04-09 12:30:00 Europe/London'::timestamptz,
    'Paper Session 5',
    'session',
    'ENV',
    null,
    (select id from public.rooms where name = 'Room 4.214'),
    'ENV',
    'ENV',
    230
  ),
  (
    '2026-04-09',
    '2026-04-09 12:30:00 Europe/London'::timestamptz,
    '2026-04-09 14:00:00 Europe/London'::timestamptz,
    null,
    'break',
    null,
    null,
    (select id from public.rooms where name = 'The Drum & Restaurant'),
    'Lunch',
    'Lunch',
    10
  ),
  (
    '2026-04-09',
    '2026-04-09 14:00:00 Europe/London'::timestamptz,
    '2026-04-09 15:30:00 Europe/London'::timestamptz,
    'Paper Session 6',
    'special',
    null,
    null,
    (select id from public.rooms where name = 'Lecture Theatre B'),
    'BSA Special Activity',
    'BSA Special Activity',
    20
  ),
  (
    '2026-04-09',
    '2026-04-09 14:00:00 Europe/London'::timestamptz,
    '2026-04-09 15:30:00 Europe/London'::timestamptz,
    'Paper Session 6',
    'session',
    'DIV',
    1,
    (select id from public.rooms where name = 'Lecture Theatre A'),
    'DIV1',
    'DIV1',
    30
  ),
  (
    '2026-04-09',
    '2026-04-09 14:00:00 Europe/London'::timestamptz,
    '2026-04-09 15:30:00 Europe/London'::timestamptz,
    'Paper Session 6',
    'special',
    'DIV',
    null,
    (select id from public.rooms where name = 'Room 1.218'),
    'BSA Special Activity',
    'BSA Special Activity',
    40
  ),
  (
    '2026-04-09',
    '2026-04-09 14:00:00 Europe/London'::timestamptz,
    '2026-04-09 15:30:00 Europe/London'::timestamptz,
    'Paper Session 6',
    'session',
    'DIV',
    3,
    (select id from public.rooms where name = 'Room 1.219'),
    'DIV3',
    'DIV3',
    50
  ),
  (
    '2026-04-09',
    '2026-04-09 14:00:00 Europe/London'::timestamptz,
    '2026-04-09 15:30:00 Europe/London'::timestamptz,
    'Paper Session 6',
    'session',
    'REM',
    1,
    (select id from public.rooms where name = 'Room 2.217'),
    'REM1',
    'REM1',
    60
  ),
  (
    '2026-04-09',
    '2026-04-09 14:00:00 Europe/London'::timestamptz,
    '2026-04-09 15:30:00 Europe/London'::timestamptz,
    'Paper Session 6',
    'session',
    'REM',
    2,
    (select id from public.rooms where name = 'Room 2.218'),
    'REM2',
    'REM2',
    70
  ),
  (
    '2026-04-09',
    '2026-04-09 14:00:00 Europe/London'::timestamptz,
    '2026-04-09 15:30:00 Europe/London'::timestamptz,
    'Paper Session 6',
    'session',
    'CUL',
    1,
    (select id from public.rooms where name = 'Room 2.219'),
    'CUL1',
    'CUL1',
    80
  ),
  (
    '2026-04-09',
    '2026-04-09 14:00:00 Europe/London'::timestamptz,
    '2026-04-09 15:30:00 Europe/London'::timestamptz,
    'Paper Session 6',
    'session',
    'EDU',
    1,
    (select id from public.rooms where name = 'Room 2.220'),
    'EDU1',
    'EDU1',
    90
  ),
  (
    '2026-04-09',
    '2026-04-09 14:00:00 Europe/London'::timestamptz,
    '2026-04-09 15:30:00 Europe/London'::timestamptz,
    'Paper Session 6',
    'session',
    'EDU',
    2,
    (select id from public.rooms where name = 'Room 3.204'),
    'EDU2',
    'EDU2',
    100
  ),
  (
    '2026-04-09',
    '2026-04-09 14:00:00 Europe/London'::timestamptz,
    '2026-04-09 15:30:00 Europe/London'::timestamptz,
    'Paper Session 6',
    'session',
    'STS',
    null,
    (select id from public.rooms where name = 'Room 3.205'),
    'STS',
    'STS',
    110
  ),
  (
    '2026-04-09',
    '2026-04-09 14:00:00 Europe/London'::timestamptz,
    '2026-04-09 15:30:00 Europe/London'::timestamptz,
    'Paper Session 6',
    'session',
    'MED',
    null,
    (select id from public.rooms where name = 'Room 3.209'),
    'MED',
    'MED',
    120
  ),
  (
    '2026-04-09',
    '2026-04-09 14:00:00 Europe/London'::timestamptz,
    '2026-04-09 15:30:00 Europe/London'::timestamptz,
    'Paper Session 6',
    'session',
    'CUL',
    2,
    (select id from public.rooms where name = 'Room 3.210'),
    'CUL2',
    'CUL2',
    130
  ),
  (
    '2026-04-09',
    '2026-04-09 14:00:00 Europe/London'::timestamptz,
    '2026-04-09 15:30:00 Europe/London'::timestamptz,
    'Paper Session 6',
    'session',
    'CIT',
    null,
    (select id from public.rooms where name = 'Room 3.211'),
    'CIT',
    'CIT',
    140
  ),
  (
    '2026-04-09',
    '2026-04-09 14:00:00 Europe/London'::timestamptz,
    '2026-04-09 15:30:00 Europe/London'::timestamptz,
    'Paper Session 6',
    'session',
    'WEEL',
    1,
    (select id from public.rooms where name = 'Room 3.212'),
    'WEEL1',
    'WEEL1',
    150
  ),
  (
    '2026-04-09',
    '2026-04-09 14:00:00 Europe/London'::timestamptz,
    '2026-04-09 15:30:00 Europe/London'::timestamptz,
    'Paper Session 6',
    'session',
    'WEEL',
    2,
    (select id from public.rooms where name = 'Room 3.213'),
    'WEEL2',
    'WEEL2',
    160
  ),
  (
    '2026-04-09',
    '2026-04-09 14:00:00 Europe/London'::timestamptz,
    '2026-04-09 15:30:00 Europe/London'::timestamptz,
    'Paper Session 6',
    'session',
    'FAR',
    1,
    (select id from public.rooms where name = 'Room 4.204'),
    'FAR1',
    'FAR1',
    170
  ),
  (
    '2026-04-09',
    '2026-04-09 14:00:00 Europe/London'::timestamptz,
    '2026-04-09 15:30:00 Europe/London'::timestamptz,
    'Paper Session 6',
    'session',
    'THE',
    null,
    (select id from public.rooms where name = 'Room 4.205'),
    'THE',
    'THE',
    180
  ),
  (
    '2026-04-09',
    '2026-04-09 14:00:00 Europe/London'::timestamptz,
    '2026-04-09 15:30:00 Europe/London'::timestamptz,
    'Paper Session 6',
    'session',
    'METH',
    null,
    (select id from public.rooms where name = 'Room 4.206'),
    'METH',
    'METH',
    190
  ),
  (
    '2026-04-09',
    '2026-04-09 14:00:00 Europe/London'::timestamptz,
    '2026-04-09 15:30:00 Europe/London'::timestamptz,
    'Paper Session 6',
    'session',
    'FAR',
    2,
    (select id from public.rooms where name = 'Room 4.209'),
    'FAR2',
    'FAR2',
    200
  ),
  (
    '2026-04-09',
    '2026-04-09 14:00:00 Europe/London'::timestamptz,
    '2026-04-09 15:30:00 Europe/London'::timestamptz,
    'Paper Session 6',
    'session',
    'RIG',
    null,
    (select id from public.rooms where name = 'Room 4.211'),
    'RIG',
    'RIG',
    210
  ),
  (
    '2026-04-09',
    '2026-04-09 14:00:00 Europe/London'::timestamptz,
    '2026-04-09 15:30:00 Europe/London'::timestamptz,
    'Paper Session 6',
    'session',
    'LIFE',
    null,
    (select id from public.rooms where name = 'Room 4.213'),
    'LIFE',
    'LIFE',
    220
  ),
  (
    '2026-04-09',
    '2026-04-09 14:00:00 Europe/London'::timestamptz,
    '2026-04-09 15:30:00 Europe/London'::timestamptz,
    'Paper Session 6',
    'session',
    'ENV',
    null,
    (select id from public.rooms where name = 'Room 4.214'),
    'ENV',
    'ENV',
    230
  ),
  (
    '2026-04-09',
    '2026-04-09 15:30:00 Europe/London'::timestamptz,
    '2026-04-09 16:00:00 Europe/London'::timestamptz,
    null,
    'break',
    null,
    null,
    (select id from public.rooms where name = 'The Drum & Restaurant'),
    'Refreshments',
    'Refreshments',
    10
  ),
  (
    '2026-04-09',
    '2026-04-09 16:00:00 Europe/London'::timestamptz,
    '2026-04-09 17:30:00 Europe/London'::timestamptz,
    'Paper Session 7',
    'session',
    'DIV',
    1,
    (select id from public.rooms where name = 'Lecture Theatre A'),
    'DIV1',
    'DIV1',
    30
  ),
  (
    '2026-04-09',
    '2026-04-09 16:00:00 Europe/London'::timestamptz,
    '2026-04-09 17:30:00 Europe/London'::timestamptz,
    'Paper Session 7',
    'session',
    'DIV',
    2,
    (select id from public.rooms where name = 'Room 1.218'),
    'DIV2',
    'DIV2',
    40
  ),
  (
    '2026-04-09',
    '2026-04-09 16:00:00 Europe/London'::timestamptz,
    '2026-04-09 17:30:00 Europe/London'::timestamptz,
    'Paper Session 7',
    'session',
    'MED',
    1,
    (select id from public.rooms where name = 'Room 1.219'),
    'MED1',
    'MED1',
    50
  ),
  (
    '2026-04-09',
    '2026-04-09 16:00:00 Europe/London'::timestamptz,
    '2026-04-09 17:30:00 Europe/London'::timestamptz,
    'Paper Session 7',
    'session',
    'REM',
    1,
    (select id from public.rooms where name = 'Room 2.217'),
    'REM1',
    'REM1',
    60
  ),
  (
    '2026-04-09',
    '2026-04-09 16:00:00 Europe/London'::timestamptz,
    '2026-04-09 17:30:00 Europe/London'::timestamptz,
    'Paper Session 7',
    'session',
    'REM',
    2,
    (select id from public.rooms where name = 'Room 2.218'),
    'REM2',
    'REM2',
    70
  ),
  (
    '2026-04-09',
    '2026-04-09 16:00:00 Europe/London'::timestamptz,
    '2026-04-09 17:30:00 Europe/London'::timestamptz,
    'Paper Session 7',
    'session',
    'CUL',
    1,
    (select id from public.rooms where name = 'Room 2.219'),
    'CUL1',
    'CUL1',
    80
  ),
  (
    '2026-04-09',
    '2026-04-09 16:00:00 Europe/London'::timestamptz,
    '2026-04-09 17:30:00 Europe/London'::timestamptz,
    'Paper Session 7',
    'session',
    'EDU',
    1,
    (select id from public.rooms where name = 'Room 2.220'),
    'EDU1',
    'EDU1',
    90
  ),
  (
    '2026-04-09',
    '2026-04-09 16:00:00 Europe/London'::timestamptz,
    '2026-04-09 17:30:00 Europe/London'::timestamptz,
    'Paper Session 7',
    'session',
    'EDU',
    2,
    (select id from public.rooms where name = 'Room 3.204'),
    'EDU2',
    'EDU2',
    100
  ),
  (
    '2026-04-09',
    '2026-04-09 16:00:00 Europe/London'::timestamptz,
    '2026-04-09 17:30:00 Europe/London'::timestamptz,
    'Paper Session 7',
    'session',
    'STS',
    null,
    (select id from public.rooms where name = 'Room 3.205'),
    'STS',
    'STS',
    110
  ),
  (
    '2026-04-09',
    '2026-04-09 16:00:00 Europe/London'::timestamptz,
    '2026-04-09 17:30:00 Europe/London'::timestamptz,
    'Paper Session 7',
    'session',
    'MED',
    2,
    (select id from public.rooms where name = 'Room 3.209'),
    'MED2',
    'MED2',
    120
  ),
  (
    '2026-04-09',
    '2026-04-09 16:00:00 Europe/London'::timestamptz,
    '2026-04-09 17:30:00 Europe/London'::timestamptz,
    'Paper Session 7',
    'session',
    'CUL',
    2,
    (select id from public.rooms where name = 'Room 3.210'),
    'CUL2',
    'CUL2',
    130
  ),
  (
    '2026-04-09',
    '2026-04-09 16:00:00 Europe/London'::timestamptz,
    '2026-04-09 17:30:00 Europe/London'::timestamptz,
    'Paper Session 7',
    'session',
    'CIT',
    null,
    (select id from public.rooms where name = 'Room 3.211'),
    'CIT',
    'CIT',
    140
  ),
  (
    '2026-04-09',
    '2026-04-09 16:00:00 Europe/London'::timestamptz,
    '2026-04-09 17:30:00 Europe/London'::timestamptz,
    'Paper Session 7',
    'session',
    'WEEL',
    1,
    (select id from public.rooms where name = 'Room 3.212'),
    'WEEL1',
    'WEEL1',
    150
  ),
  (
    '2026-04-09',
    '2026-04-09 16:00:00 Europe/London'::timestamptz,
    '2026-04-09 17:30:00 Europe/London'::timestamptz,
    'Paper Session 7',
    'session',
    'WEEL',
    2,
    (select id from public.rooms where name = 'Room 3.213'),
    'WEEL2',
    'WEEL2',
    160
  ),
  (
    '2026-04-09',
    '2026-04-09 16:00:00 Europe/London'::timestamptz,
    '2026-04-09 17:30:00 Europe/London'::timestamptz,
    'Paper Session 7',
    'session',
    'FAR',
    1,
    (select id from public.rooms where name = 'Room 4.204'),
    'FAR1',
    'FAR1',
    170
  ),
  (
    '2026-04-09',
    '2026-04-09 16:00:00 Europe/London'::timestamptz,
    '2026-04-09 17:30:00 Europe/London'::timestamptz,
    'Paper Session 7',
    'session',
    'FAR',
    null,
    (select id from public.rooms where name = 'Room 4.205'),
    'FAR',
    'FAR',
    180
  ),
  (
    '2026-04-09',
    '2026-04-09 16:00:00 Europe/London'::timestamptz,
    '2026-04-09 17:30:00 Europe/London'::timestamptz,
    'Paper Session 7',
    'special',
    'ET',
    null,
    (select id from public.rooms where name = 'Room 4.206'),
    'SPECIAL EVENT Emma Jackson',
    'SPECIAL EVENT',
    190
  ),
  (
    '2026-04-09',
    '2026-04-09 16:00:00 Europe/London'::timestamptz,
    '2026-04-09 17:30:00 Europe/London'::timestamptz,
    'Paper Session 7',
    'session',
    'FAR',
    2,
    (select id from public.rooms where name = 'Room 4.209'),
    'FAR2',
    'FAR2',
    200
  ),
  (
    '2026-04-09',
    '2026-04-09 16:00:00 Europe/London'::timestamptz,
    '2026-04-09 17:30:00 Europe/London'::timestamptz,
    'Paper Session 7',
    'session',
    'RIG',
    null,
    (select id from public.rooms where name = 'Room 4.211'),
    'RIG',
    'RIG',
    210
  ),
  (
    '2026-04-09',
    '2026-04-09 16:00:00 Europe/London'::timestamptz,
    '2026-04-09 17:30:00 Europe/London'::timestamptz,
    'Paper Session 7',
    'session',
    'ENV',
    1,
    (select id from public.rooms where name = 'Room 4.213'),
    'ENV1',
    'ENV1',
    220
  ),
  (
    '2026-04-09',
    '2026-04-09 16:00:00 Europe/London'::timestamptz,
    '2026-04-09 17:30:00 Europe/London'::timestamptz,
    'Paper Session 7',
    'session',
    'ENV',
    2,
    (select id from public.rooms where name = 'Room 4.214'),
    'ENV2',
    'ENV2',
    230
  ),
  (
    '2026-04-09',
    '2026-04-09 17:45:00 Europe/London'::timestamptz,
    '2026-04-09 18:45:00 Europe/London'::timestamptz,
    'Plenary',
    'special',
    null,
    null,
    (select id from public.rooms where name = 'Lecture Theatre B'),
    'Panel: Exploring the Commonalities, Solidarities and International Challenges for Global Sociology',
    'Panel: Exploring the Commonalities, Solidarities and International Challenges for Global Sociology',
    20
  ),
  (
    '2026-04-09',
    '2026-04-09 19:00:00 Europe/London'::timestamptz,
    '2026-04-09 22:00:00 Europe/London'::timestamptz,
    null,
    'special',
    null,
    null,
    (select id from public.rooms where name = 'The Drum & Restaurant'),
    '75th Social - Whitworth Hall - Advance bookings only',
    '75th Social - Whitworth Hall - Advance bookings only',
    10
  ),
  (
    '2026-04-10',
    '2026-04-10 08:30:00 Europe/London'::timestamptz,
    '2026-04-10 14:00:00 Europe/London'::timestamptz,
    null,
    'special',
    null,
    null,
    (select id from public.rooms where name = 'The Drum & Restaurant'),
    'Registration',
    'Registration',
    10
  ),
  (
    '2026-04-10',
    '2026-04-10 09:00:00 Europe/London'::timestamptz,
    '2026-04-10 10:30:00 Europe/London'::timestamptz,
    'Round Table Presentations & Paper Session 8',
    'special',
    null,
    null,
    (select id from public.rooms where name = 'Lecture Theatre B'),
    'BSA Special Activity',
    'BSA Special Activity',
    20
  ),
  (
    '2026-04-10',
    '2026-04-10 09:00:00 Europe/London'::timestamptz,
    '2026-04-10 10:30:00 Europe/London'::timestamptz,
    'Round Table Presentations & Paper Session 8',
    'session',
    'DIV',
    1,
    (select id from public.rooms where name = 'Lecture Theatre A'),
    'DIV1',
    'DIV1',
    30
  ),
  (
    '2026-04-10',
    '2026-04-10 09:00:00 Europe/London'::timestamptz,
    '2026-04-10 10:30:00 Europe/London'::timestamptz,
    'Round Table Presentations & Paper Session 8',
    'session',
    'DIV',
    2,
    (select id from public.rooms where name = 'Room 1.218'),
    'DIV2',
    'DIV2',
    40
  ),
  (
    '2026-04-10',
    '2026-04-10 09:00:00 Europe/London'::timestamptz,
    '2026-04-10 10:30:00 Europe/London'::timestamptz,
    'Round Table Presentations & Paper Session 8',
    'session',
    'MED',
    1,
    (select id from public.rooms where name = 'Room 1.219'),
    'MED1',
    'MED1',
    50
  ),
  (
    '2026-04-10',
    '2026-04-10 09:00:00 Europe/London'::timestamptz,
    '2026-04-10 10:30:00 Europe/London'::timestamptz,
    'Round Table Presentations & Paper Session 8',
    'session',
    'REM',
    1,
    (select id from public.rooms where name = 'Room 2.217'),
    'REM1',
    'REM1',
    60
  ),
  (
    '2026-04-10',
    '2026-04-10 09:00:00 Europe/London'::timestamptz,
    '2026-04-10 10:30:00 Europe/London'::timestamptz,
    'Round Table Presentations & Paper Session 8',
    'session',
    'REM',
    2,
    (select id from public.rooms where name = 'Room 2.218'),
    'REM2',
    'REM2',
    70
  ),
  (
    '2026-04-10',
    '2026-04-10 09:00:00 Europe/London'::timestamptz,
    '2026-04-10 10:30:00 Europe/London'::timestamptz,
    'Round Table Presentations & Paper Session 8',
    'special',
    'CUL',
    1,
    (select id from public.rooms where name = 'Room 2.219'),
    'SPECIAL EVENT Egle Rindzeviciute',
    'SPECIAL EVENT',
    80
  ),
  (
    '2026-04-10',
    '2026-04-10 09:00:00 Europe/London'::timestamptz,
    '2026-04-10 10:30:00 Europe/London'::timestamptz,
    'Round Table Presentations & Paper Session 8',
    'session',
    'EDU',
    1,
    (select id from public.rooms where name = 'Room 2.220'),
    'EDU1',
    'EDU1',
    90
  ),
  (
    '2026-04-10',
    '2026-04-10 09:00:00 Europe/London'::timestamptz,
    '2026-04-10 10:30:00 Europe/London'::timestamptz,
    'Round Table Presentations & Paper Session 8',
    'session',
    'EDU',
    2,
    (select id from public.rooms where name = 'Room 3.204'),
    'EDU2',
    'EDU2',
    100
  ),
  (
    '2026-04-10',
    '2026-04-10 09:00:00 Europe/London'::timestamptz,
    '2026-04-10 10:30:00 Europe/London'::timestamptz,
    'Round Table Presentations & Paper Session 8',
    'session',
    'STS',
    null,
    (select id from public.rooms where name = 'Room 3.205'),
    'STS',
    'STS',
    110
  ),
  (
    '2026-04-10',
    '2026-04-10 09:00:00 Europe/London'::timestamptz,
    '2026-04-10 10:30:00 Europe/London'::timestamptz,
    'Round Table Presentations & Paper Session 8',
    'session',
    'MED',
    2,
    (select id from public.rooms where name = 'Room 3.209'),
    'MED2',
    'MED2',
    120
  ),
  (
    '2026-04-10',
    '2026-04-10 09:00:00 Europe/London'::timestamptz,
    '2026-04-10 10:30:00 Europe/London'::timestamptz,
    'Round Table Presentations & Paper Session 8',
    'session',
    'CUL',
    2,
    (select id from public.rooms where name = 'Room 3.210'),
    'CUL2',
    'CUL2',
    130
  ),
  (
    '2026-04-10',
    '2026-04-10 09:00:00 Europe/London'::timestamptz,
    '2026-04-10 10:30:00 Europe/London'::timestamptz,
    'Round Table Presentations & Paper Session 8',
    'session',
    'CIT',
    null,
    (select id from public.rooms where name = 'Room 3.211'),
    'CIT',
    'CIT',
    140
  ),
  (
    '2026-04-10',
    '2026-04-10 09:00:00 Europe/London'::timestamptz,
    '2026-04-10 10:30:00 Europe/London'::timestamptz,
    'Round Table Presentations & Paper Session 8',
    'session',
    'WEEL',
    1,
    (select id from public.rooms where name = 'Room 3.212'),
    'WEEL1',
    'WEEL1',
    150
  ),
  (
    '2026-04-10',
    '2026-04-10 09:00:00 Europe/London'::timestamptz,
    '2026-04-10 10:30:00 Europe/London'::timestamptz,
    'Round Table Presentations & Paper Session 8',
    'session',
    'WEEL',
    2,
    (select id from public.rooms where name = 'Room 3.213'),
    'WEEL2',
    'WEEL2',
    160
  ),
  (
    '2026-04-10',
    '2026-04-10 09:00:00 Europe/London'::timestamptz,
    '2026-04-10 10:30:00 Europe/London'::timestamptz,
    'Round Table Presentations & Paper Session 8',
    'session',
    'FAR',
    null,
    (select id from public.rooms where name = 'Room 4.204'),
    'FAR',
    'FAR',
    170
  ),
  (
    '2026-04-10',
    '2026-04-10 09:00:00 Europe/London'::timestamptz,
    '2026-04-10 10:30:00 Europe/London'::timestamptz,
    'Round Table Presentations & Paper Session 8',
    'session',
    'THE',
    1,
    (select id from public.rooms where name = 'Room 4.205'),
    'THE1',
    'THE1',
    180
  ),
  (
    '2026-04-10',
    '2026-04-10 09:00:00 Europe/London'::timestamptz,
    '2026-04-10 10:30:00 Europe/London'::timestamptz,
    'Round Table Presentations & Paper Session 8',
    'session',
    'METH',
    null,
    (select id from public.rooms where name = 'Room 4.206'),
    'METH',
    'METH',
    190
  ),
  (
    '2026-04-10',
    '2026-04-10 09:00:00 Europe/London'::timestamptz,
    '2026-04-10 10:30:00 Europe/London'::timestamptz,
    'Round Table Presentations & Paper Session 8',
    'special',
    'ET',
    null,
    (select id from public.rooms where name = 'Room 4.209'),
    'SPECIAL EVENT Alex Oaten',
    'SPECIAL EVENT',
    200
  ),
  (
    '2026-04-10',
    '2026-04-10 09:00:00 Europe/London'::timestamptz,
    '2026-04-10 10:30:00 Europe/London'::timestamptz,
    'Round Table Presentations & Paper Session 8',
    'session',
    'RIG',
    1,
    (select id from public.rooms where name = 'Room 4.211'),
    'RIG1',
    'RIG1',
    210
  ),
  (
    '2026-04-10',
    '2026-04-10 09:00:00 Europe/London'::timestamptz,
    '2026-04-10 10:30:00 Europe/London'::timestamptz,
    'Round Table Presentations & Paper Session 8',
    'session',
    'RIG',
    2,
    (select id from public.rooms where name = 'Room 4.213'),
    'RIG2',
    'RIG2',
    220
  ),
  (
    '2026-04-10',
    '2026-04-10 09:00:00 Europe/London'::timestamptz,
    '2026-04-10 10:30:00 Europe/London'::timestamptz,
    'Round Table Presentations & Paper Session 8',
    'session',
    'THE',
    2,
    (select id from public.rooms where name = 'Room 4.214'),
    'THE2',
    'THE2',
    230
  ),
  (
    '2026-04-10',
    '2026-04-10 09:00:00 Europe/London'::timestamptz,
    '2026-04-10 10:30:00 Europe/London'::timestamptz,
    'Roundtable Presentations',
    'session',
    'CIT',
    null,
    (select id from public.rooms where name = 'Market Place Restaurant - Table 1'),
    'Roundtable Presentations',
    'Roundtable Presentations',
    400
  ),
  (
    '2026-04-10',
    '2026-04-10 09:00:00 Europe/London'::timestamptz,
    '2026-04-10 10:30:00 Europe/London'::timestamptz,
    'Roundtable Presentations',
    'session',
    'FAR',
    null,
    (select id from public.rooms where name = 'Market Place Restaurant - Table 2'),
    'Roundtable Presentations',
    'Roundtable Presentations',
    410
  ),
  (
    '2026-04-10',
    '2026-04-10 09:00:00 Europe/London'::timestamptz,
    '2026-04-10 10:30:00 Europe/London'::timestamptz,
    'Roundtable Presentations',
    'session',
    'LIFE',
    null,
    (select id from public.rooms where name = 'Market Place Restaurant - Table 3'),
    'Roundtable Presentations',
    'Roundtable Presentations',
    420
  ),
  (
    '2026-04-10',
    '2026-04-10 09:00:00 Europe/London'::timestamptz,
    '2026-04-10 10:30:00 Europe/London'::timestamptz,
    'Roundtable Presentations',
    'session',
    'ET',
    null,
    (select id from public.rooms where name = 'Market Place Restaurant - Table 4'),
    'Roundtable Presentations',
    'Roundtable Presentations',
    430
  ),
  (
    '2026-04-10',
    '2026-04-10 10:30:00 Europe/London'::timestamptz,
    '2026-04-10 11:00:00 Europe/London'::timestamptz,
    null,
    'break',
    null,
    null,
    (select id from public.rooms where name = 'The Drum & Restaurant'),
    'Refreshments',
    'Refreshments',
    10
  ),
  (
    '2026-04-10',
    '2026-04-10 11:00:00 Europe/London'::timestamptz,
    '2026-04-10 12:30:00 Europe/London'::timestamptz,
    'Paper Session 9',
    'special',
    null,
    null,
    (select id from public.rooms where name = 'Lecture Theatre B'),
    'BSA Special Activity',
    'BSA Special Activity',
    20
  ),
  (
    '2026-04-10',
    '2026-04-10 11:00:00 Europe/London'::timestamptz,
    '2026-04-10 12:30:00 Europe/London'::timestamptz,
    'Paper Session 9',
    'special',
    'DIV',
    1,
    (select id from public.rooms where name = 'Lecture Theatre A'),
    'SPECIAL EVENT Nick Beech',
    'SPECIAL EVENT',
    30
  ),
  (
    '2026-04-10',
    '2026-04-10 11:00:00 Europe/London'::timestamptz,
    '2026-04-10 12:30:00 Europe/London'::timestamptz,
    'Paper Session 9',
    'session',
    'DIV',
    2,
    (select id from public.rooms where name = 'Room 1.218'),
    'DIV2',
    'DIV2',
    40
  ),
  (
    '2026-04-10',
    '2026-04-10 11:00:00 Europe/London'::timestamptz,
    '2026-04-10 12:30:00 Europe/London'::timestamptz,
    'Paper Session 9',
    'session',
    'MED',
    1,
    (select id from public.rooms where name = 'Room 1.219'),
    'MED1',
    'MED1',
    50
  ),
  (
    '2026-04-10',
    '2026-04-10 11:00:00 Europe/London'::timestamptz,
    '2026-04-10 12:30:00 Europe/London'::timestamptz,
    'Paper Session 9',
    'session',
    'REM',
    1,
    (select id from public.rooms where name = 'Room 2.217'),
    'REM1',
    'REM1',
    60
  ),
  (
    '2026-04-10',
    '2026-04-10 11:00:00 Europe/London'::timestamptz,
    '2026-04-10 12:30:00 Europe/London'::timestamptz,
    'Paper Session 9',
    'session',
    'REM',
    2,
    (select id from public.rooms where name = 'Room 2.218'),
    'REM2',
    'REM2',
    70
  ),
  (
    '2026-04-10',
    '2026-04-10 11:00:00 Europe/London'::timestamptz,
    '2026-04-10 12:30:00 Europe/London'::timestamptz,
    'Paper Session 9',
    'session',
    'CUL',
    1,
    (select id from public.rooms where name = 'Room 2.219'),
    'CUL1',
    'CUL1',
    80
  ),
  (
    '2026-04-10',
    '2026-04-10 11:00:00 Europe/London'::timestamptz,
    '2026-04-10 12:30:00 Europe/London'::timestamptz,
    'Paper Session 9',
    'session',
    'EDU',
    1,
    (select id from public.rooms where name = 'Room 2.220'),
    'EDU1',
    'EDU1',
    90
  ),
  (
    '2026-04-10',
    '2026-04-10 11:00:00 Europe/London'::timestamptz,
    '2026-04-10 12:30:00 Europe/London'::timestamptz,
    'Paper Session 9',
    'session',
    'EDU',
    2,
    (select id from public.rooms where name = 'Room 3.204'),
    'EDU2',
    'EDU2',
    100
  ),
  (
    '2026-04-10',
    '2026-04-10 11:00:00 Europe/London'::timestamptz,
    '2026-04-10 12:30:00 Europe/London'::timestamptz,
    'Paper Session 9',
    'session',
    'STS',
    null,
    (select id from public.rooms where name = 'Room 3.205'),
    'STS',
    'STS',
    110
  ),
  (
    '2026-04-10',
    '2026-04-10 11:00:00 Europe/London'::timestamptz,
    '2026-04-10 12:30:00 Europe/London'::timestamptz,
    'Paper Session 9',
    'session',
    'MED',
    2,
    (select id from public.rooms where name = 'Room 3.209'),
    'MED2',
    'MED2',
    120
  ),
  (
    '2026-04-10',
    '2026-04-10 11:00:00 Europe/London'::timestamptz,
    '2026-04-10 12:30:00 Europe/London'::timestamptz,
    'Paper Session 9',
    'session',
    'CUL',
    2,
    (select id from public.rooms where name = 'Room 3.210'),
    'CUL2',
    'CUL2',
    130
  ),
  (
    '2026-04-10',
    '2026-04-10 11:00:00 Europe/London'::timestamptz,
    '2026-04-10 12:30:00 Europe/London'::timestamptz,
    'Paper Session 9',
    'session',
    'CIT',
    null,
    (select id from public.rooms where name = 'Room 3.211'),
    'CIT',
    'CIT',
    140
  ),
  (
    '2026-04-10',
    '2026-04-10 11:00:00 Europe/London'::timestamptz,
    '2026-04-10 12:30:00 Europe/London'::timestamptz,
    'Paper Session 9',
    'session',
    'WEEL',
    1,
    (select id from public.rooms where name = 'Room 3.212'),
    'WEEL1',
    'WEEL1',
    150
  ),
  (
    '2026-04-10',
    '2026-04-10 11:00:00 Europe/London'::timestamptz,
    '2026-04-10 12:30:00 Europe/London'::timestamptz,
    'Paper Session 9',
    'session',
    'WEEL',
    2,
    (select id from public.rooms where name = 'Room 3.213'),
    'WEEL2',
    'WEEL2',
    160
  ),
  (
    '2026-04-10',
    '2026-04-10 11:00:00 Europe/London'::timestamptz,
    '2026-04-10 12:30:00 Europe/London'::timestamptz,
    'Paper Session 9',
    'special',
    'FAR',
    null,
    (select id from public.rooms where name = 'Room 4.204'),
    'SPECIAL EVENT Katherine Davies',
    'SPECIAL EVENT',
    170
  ),
  (
    '2026-04-10',
    '2026-04-10 11:00:00 Europe/London'::timestamptz,
    '2026-04-10 12:30:00 Europe/London'::timestamptz,
    'Paper Session 9',
    'session',
    'THE',
    1,
    (select id from public.rooms where name = 'Room 4.205'),
    'THE1',
    'THE1',
    180
  ),
  (
    '2026-04-10',
    '2026-04-10 11:00:00 Europe/London'::timestamptz,
    '2026-04-10 12:30:00 Europe/London'::timestamptz,
    'Paper Session 9',
    'session',
    'METH',
    null,
    (select id from public.rooms where name = 'Room 4.206'),
    'METH',
    'METH',
    190
  ),
  (
    '2026-04-10',
    '2026-04-10 11:00:00 Europe/London'::timestamptz,
    '2026-04-10 12:30:00 Europe/London'::timestamptz,
    'Paper Session 9',
    'session',
    'ET',
    1,
    (select id from public.rooms where name = 'Room 4.209'),
    'ET1',
    'ET1',
    200
  ),
  (
    '2026-04-10',
    '2026-04-10 11:00:00 Europe/London'::timestamptz,
    '2026-04-10 12:30:00 Europe/London'::timestamptz,
    'Paper Session 9',
    'session',
    'RIG',
    null,
    (select id from public.rooms where name = 'Room 4.211'),
    'RIG',
    'RIG',
    210
  ),
  (
    '2026-04-10',
    '2026-04-10 11:00:00 Europe/London'::timestamptz,
    '2026-04-10 12:30:00 Europe/London'::timestamptz,
    'Paper Session 9',
    'session',
    'ET',
    2,
    (select id from public.rooms where name = 'Room 4.213'),
    'ET2',
    'ET2',
    220
  ),
  (
    '2026-04-10',
    '2026-04-10 11:00:00 Europe/London'::timestamptz,
    '2026-04-10 12:30:00 Europe/London'::timestamptz,
    'Paper Session 9',
    'session',
    'THE',
    2,
    (select id from public.rooms where name = 'Room 4.214'),
    'THE2',
    'THE2',
    230
  ),
  (
    '2026-04-10',
    '2026-04-10 12:30:00 Europe/London'::timestamptz,
    '2026-04-10 14:00:00 Europe/London'::timestamptz,
    null,
    'break',
    null,
    null,
    (select id from public.rooms where name = 'The Drum & Restaurant'),
    'Lunch',
    'Lunch',
    10
  ),
  (
    '2026-04-10',
    '2026-04-10 14:00:00 Europe/London'::timestamptz,
    '2026-04-10 15:00:00 Europe/London'::timestamptz,
    'Presidential Address',
    'special',
    null,
    null,
    (select id from public.rooms where name = 'Lecture Theatre B'),
    'Les Back, University of Glasgow',
    'Presidential Address',
    20
  ),
  (
    '2026-04-10',
    '2026-04-10 15:00:00 Europe/London'::timestamptz,
    '2026-04-10 15:15:00 Europe/London'::timestamptz,
    null,
    'break',
    null,
    null,
    (select id from public.rooms where name = 'The Drum & Restaurant'),
    'Refreshments',
    'Refreshments',
    10
  ),
  (
    '2026-04-10',
    '2026-04-10 15:15:00 Europe/London'::timestamptz,
    '2026-04-10 16:45:00 Europe/London'::timestamptz,
    'Paper Session 10',
    'session',
    null,
    null,
    (select id from public.rooms where name = 'Lecture Theatre B'),
    'Table 1',
    'Table 1',
    20
  ),
  (
    '2026-04-10',
    '2026-04-10 15:15:00 Europe/London'::timestamptz,
    '2026-04-10 16:45:00 Europe/London'::timestamptz,
    'Paper Session 10',
    'session',
    'DIV',
    1,
    (select id from public.rooms where name = 'Lecture Theatre A'),
    'DIV1',
    'DIV1',
    30
  ),
  (
    '2026-04-10',
    '2026-04-10 15:15:00 Europe/London'::timestamptz,
    '2026-04-10 16:45:00 Europe/London'::timestamptz,
    'Paper Session 10',
    'session',
    'DIV',
    2,
    (select id from public.rooms where name = 'Room 1.218'),
    'DIV2',
    'DIV2',
    40
  ),
  (
    '2026-04-10',
    '2026-04-10 15:15:00 Europe/London'::timestamptz,
    '2026-04-10 16:45:00 Europe/London'::timestamptz,
    'Paper Session 10',
    'session',
    'MED',
    1,
    (select id from public.rooms where name = 'Room 1.219'),
    'MED1',
    'MED1',
    50
  ),
  (
    '2026-04-10',
    '2026-04-10 15:15:00 Europe/London'::timestamptz,
    '2026-04-10 16:45:00 Europe/London'::timestamptz,
    'Paper Session 10',
    'session',
    'REM',
    1,
    (select id from public.rooms where name = 'Room 2.217'),
    'REM1',
    'REM1',
    60
  ),
  (
    '2026-04-10',
    '2026-04-10 15:15:00 Europe/London'::timestamptz,
    '2026-04-10 16:45:00 Europe/London'::timestamptz,
    'Paper Session 10',
    'session',
    'REM',
    2,
    (select id from public.rooms where name = 'Room 2.218'),
    'REM2',
    'REM2',
    70
  ),
  (
    '2026-04-10',
    '2026-04-10 15:15:00 Europe/London'::timestamptz,
    '2026-04-10 16:45:00 Europe/London'::timestamptz,
    'Paper Session 10',
    'session',
    'CUL',
    1,
    (select id from public.rooms where name = 'Room 2.219'),
    'CUL1',
    'CUL1',
    80
  ),
  (
    '2026-04-10',
    '2026-04-10 15:15:00 Europe/London'::timestamptz,
    '2026-04-10 16:45:00 Europe/London'::timestamptz,
    'Paper Session 10',
    'session',
    'EDU',
    null,
    (select id from public.rooms where name = 'Room 2.220'),
    'EDU',
    'EDU',
    90
  ),
  (
    '2026-04-10',
    '2026-04-10 15:15:00 Europe/London'::timestamptz,
    '2026-04-10 16:45:00 Europe/London'::timestamptz,
    'Paper Session 10',
    'session',
    'STS',
    null,
    (select id from public.rooms where name = 'Room 3.205'),
    'STS',
    'STS',
    110
  ),
  (
    '2026-04-10',
    '2026-04-10 15:15:00 Europe/London'::timestamptz,
    '2026-04-10 16:45:00 Europe/London'::timestamptz,
    'Paper Session 10',
    'session',
    'MED',
    null,
    (select id from public.rooms where name = 'Room 3.209'),
    'MED',
    'MED',
    120
  ),
  (
    '2026-04-10',
    '2026-04-10 15:15:00 Europe/London'::timestamptz,
    '2026-04-10 16:45:00 Europe/London'::timestamptz,
    'Paper Session 10',
    'session',
    'CUL',
    null,
    (select id from public.rooms where name = 'Room 3.210'),
    'CUL',
    'CUL',
    130
  ),
  (
    '2026-04-10',
    '2026-04-10 15:15:00 Europe/London'::timestamptz,
    '2026-04-10 16:45:00 Europe/London'::timestamptz,
    'Paper Session 10',
    'session',
    'CIT',
    null,
    (select id from public.rooms where name = 'Room 3.211'),
    'CIT',
    'CIT',
    140
  ),
  (
    '2026-04-10',
    '2026-04-10 15:15:00 Europe/London'::timestamptz,
    '2026-04-10 16:45:00 Europe/London'::timestamptz,
    'Paper Session 10',
    'session',
    'WEEL',
    1,
    (select id from public.rooms where name = 'Room 3.212'),
    'WEEL1',
    'WEEL1',
    150
  ),
  (
    '2026-04-10',
    '2026-04-10 15:15:00 Europe/London'::timestamptz,
    '2026-04-10 16:45:00 Europe/London'::timestamptz,
    'Paper Session 10',
    'session',
    'WEEL',
    2,
    (select id from public.rooms where name = 'Room 3.213'),
    'WEEL2',
    'WEEL2',
    160
  ),
  (
    '2026-04-10',
    '2026-04-10 15:15:00 Europe/London'::timestamptz,
    '2026-04-10 16:45:00 Europe/London'::timestamptz,
    'Paper Session 10',
    'session',
    'FAR',
    null,
    (select id from public.rooms where name = 'Room 4.204'),
    'FAR',
    'FAR',
    170
  ),
  (
    '2026-04-10',
    '2026-04-10 15:15:00 Europe/London'::timestamptz,
    '2026-04-10 16:45:00 Europe/London'::timestamptz,
    'Paper Session 10',
    'session',
    'THE',
    1,
    (select id from public.rooms where name = 'Room 4.205'),
    'THE1',
    'THE1',
    180
  ),
  (
    '2026-04-10',
    '2026-04-10 15:15:00 Europe/London'::timestamptz,
    '2026-04-10 16:45:00 Europe/London'::timestamptz,
    'Paper Session 10',
    'session',
    'METH',
    null,
    (select id from public.rooms where name = 'Room 4.206'),
    'METH',
    'METH',
    190
  ),
  (
    '2026-04-10',
    '2026-04-10 15:15:00 Europe/London'::timestamptz,
    '2026-04-10 16:45:00 Europe/London'::timestamptz,
    'Paper Session 10',
    'session',
    'ET',
    1,
    (select id from public.rooms where name = 'Room 4.209'),
    'ET1',
    'ET1',
    200
  ),
  (
    '2026-04-10',
    '2026-04-10 15:15:00 Europe/London'::timestamptz,
    '2026-04-10 16:45:00 Europe/London'::timestamptz,
    'Paper Session 10',
    'special',
    'REM',
    3,
    (select id from public.rooms where name = 'Room 4.211'),
    'SPECIAL EVENT Syra Shakir',
    'SPECIAL EVENT',
    210
  ),
  (
    '2026-04-10',
    '2026-04-10 15:15:00 Europe/London'::timestamptz,
    '2026-04-10 16:45:00 Europe/London'::timestamptz,
    'Paper Session 10',
    'special',
    'ET',
    2,
    (select id from public.rooms where name = 'Room 4.213'),
    'SPECIAL EVENT Angela Marques Filipe',
    'SPECIAL EVENT',
    220
  ),
  (
    '2026-04-10',
    '2026-04-10 15:15:00 Europe/London'::timestamptz,
    '2026-04-10 16:45:00 Europe/London'::timestamptz,
    'Paper Session 10',
    'session',
    'THE',
    2,
    (select id from public.rooms where name = 'Room 4.214'),
    'THE2',
    'THE2',
    230
  )
;

commit;